gene,logFC,logCPM,F,PValue,FDR,direction,treat1,treat2
gene22044|EGFL6,1.897266638033896,4.8428045742196435,39.078991906607605,7.26590647511495e-7,0.011254162539305546,Upregulated,HA,HG
gene11060|SRGN,-2.1760151374687955,2.308644102277995,32.87024350472139,3.0064046472102613e-6,0.02328310079031987,Downregulated,HA,HG
gene3165|IGFBP2,-1.2409996603456424,5.251063231214696,30.743172526576508,5.103383073075283e-6,0.026348766806287685,Downregulated,HA,HG
gene1181|SEMA3A,0.9972561659542774,2.960179447460459,28.707565312513996,8.627558300710022e-6,0.033408062629924386,Upregulated,HA,HG
gene5323|COL14A1,1.364303074749255,8.671856801854416,27.01875822739549,1.3537246067592678e-5,0.0419356808681886,Upregulated,HA,HG
gene1737|MEST,1.2189871191527093,3.134624836631122,26.265560722434234,1.6625926892240865e-5,0.04291983027231979,Upregulated,HA,HG
